{
  "books": [
    {
      "id": "6ba7b814-9dad-11d1-80b4-00c04fd430c1",
      "title": "The Catcher in the Rye",
      "author": "J.D. Salinger",
      "year": "1951",
      "description": "The story of Holden Caulfield, a young man who struggles with adolescence and the phoniness of the adult world.",
      "copies": 4,
      "price": 12,
      "genreId": "28e135e2-8f16-47ed-95e2-6818e5e0c9f4"
    },
    {
      "id": "6ba7b815-9dad-11d1-80b4-00c04fd430c1",
      "title": "The Hobbit",
      "author": "J.R.R. Tolkien",
      "year": "1937",
      "description": "The prelude to the Lord of the Rings series, following the adventure of Bilbo Baggins as he helps a group of dwarves reclaim their homeland from a dragon.",
      "copies": 5,
      "price": 15.15,
      "genreId": "7504c486-f430-47c6-9be3-5ab4f0c8ff7e"
    },
    {
      "id": "6ba7b816-9dad-11d1-80b4-00c04fd430c1",
      "title": "The Lord of the Rings",
      "author": "J.R.R. Tolkien",
      "year": "1954",
      "description": "The epic fantasy series following the journey of Frodo Baggins to destroy the One Ring and defeat the Dark Lord Sauron.",
      "copies": 7,
      "price": 20.2,
      "genreId": "7504c486-f430-47c6-9be3-5ab4f0c8ff7e",
      "currency": "pinidz"
    },
    {
      "id": "6ba7b817-9dad-11d1-80b4-00c04fd430c1",
      "title": "The Da Vinci Code",
      "author": "Dan Brown",
      "year": "2003",
      "description": "A thriller novel that follows symbologist Robert Langdon and cryptologist Sophie Neveu as they investigate a murder in the Louvre Museum and discover a battle between the Priory of Sion and Opus Dei over the possibility of Jesus having been married to Mary Magdalene.",
      "copies": 4,
      "price": 18.1,
      "genreId": "28e135e2-8f16-47ed-95e2-6818e5e0c9f4",
      "currency": "wedefwewew"
    },
    {
      "id": "6ba7b818-9dad-11d1-80b4-00c04fd430c1",
      "title": "Harry Potter and the Philosopher's Stone",
      "author": "J.K. Rowling",
      "year": "1997",
      "description": "The first book in the Harry Potter series, following the young wizard Harry Potter as he discovers his magical heritage and attends Hogwarts School of Witchcraft and Wizardry.",
      "copies": 8,
      "price": 11.2,
      "genreId": "7504c486-f430-47c6-9be3-5ab4f0c8ff7e"
    },
    {
      "id": "6ba7b819-9dad-11d1-80b4-00c04fd430c1",
      "title": "The Hunger Games",
      "author": "Suzanne Collins",
      "year": "2008",
      "description": "The first book in The Hunger Games series, set in a dystopian society where teenagers are forced to participate in a televised death match called the Hunger Games.",
      "copies": 6,
      "price": 14,
      "genreId": "ac8720b2-d5ec-4e84-b856-4e3270407080"
    },
    {
      "id": "6ba7b820-9dad-11d1-80b4-00c04fd430c1",
      "title": "The Alchemist",
      "author": "Paulo Coelho",
      "year": "1988",
      "description": "A novel about a young Andalusian shepherd named Santiago who journeys to Egypt after having a recurring dream of finding treasure there.",
      "copies": 5,
      "price": 13.9,
      "genreId": "acac72ad-dcb5-41d1-a271-d3f6f083ecaf"
    },
    {
      "title": "ssssssss",
      "author": "sssssss",
      "description": "sssss",
      "genreId": "7504c486-f430-47c6-9be3-5ab4f0c8ff7e",
      "price": "12",
      "year": "sdf",
      "currency": "efweffeewfew",
      "copies": "10",
      "id": "QOtWolC"
    }
  ],
  "genres": [
    {
      "id": "f7a4e6bb-ff07-4b81-8297-65fb02216c5a",
      "name": "Classic"
    },
    {
      "id": "28e135e2-8f16-47ed-95e2-6818e5e0c9f4",
      "name": "Mystery"
    },
    {
      "id": "7504c486-f430-47c6-9be3-5ab4f0c8ff7e",
      "name": "Fantasy"
    },
    {
      "id": "ac8720b2-d5ec-4e84-b856-4e3270407080",
      "name": "Science Fiction"
    },
    {
      "id": "acac72ad-dcb5-41d1-a271-d3f6f083ecaf",
      "name": "Fiction"
    }
  ]
}