{
    "Meta Data": {
        "1. Information": "Forex Monthly Prices (open, high, low, close)",
        "2. From Symbol": "USD",
        "3. To Symbol": "PLN",
        "4. Last Refreshed": "2023-12-08 19:10:00",
        "5. Time Zone": "UTC"
    },
    "Time Series FX (Monthly)": {
        "2023-12-08": {
            "1. open": "3.99740",
            "2. high": "4.04127",
            "3. low": "3.96440",
            "4. close": "4.02730"
        },
        "2023-11-30": {
            "1. open": "4.20290",
            "2. high": "4.25250",
            "3. low": "3.91800",
            "4. close": "3.99750"
        },
        "2023-10-31": {
            "1. open": "4.36900",
            "2. high": "4.44800",
            "3. low": "4.15950",
            "4. close": "4.20300"
        },
        "2023-09-29": {
            "1. open": "4.11998",
            "2. high": "4.41912",
            "3. low": "4.10250",
            "4. close": "4.36980"
        },
        "2023-08-31": {
            "1. open": "4.00218",
            "2. high": "4.15340",
            "3. low": "3.99710",
            "4. close": "4.11910"
        },
        "2023-07-31": {
            "1. open": "4.06328",
            "2. high": "4.15324",
            "3. low": "3.93370",
            "4. close": "4.00209"
        },
        "2023-06-30": {
            "1. open": "4.23520",
            "2. high": "4.25439",
            "3. low": "4.01980",
            "4. close": "4.06084"
        },
        "2023-05-31": {
            "1. open": "4.15620",
            "2. high": "4.26390",
            "3. low": "4.09940",
            "4. close": "4.23490"
        },
        "2023-04-28": {
            "1. open": "4.30800",
            "2. high": "4.34127",
            "3. low": "4.11970",
            "4. close": "4.15870"
        },
        "2023-03-31": {
            "1. open": "4.44340",
            "2. high": "4.46990",
            "3. low": "4.27360",
            "4. close": "4.31100"
        },
        "2023-02-28": {
            "1. open": "4.33280",
            "2. high": "4.50140",
            "3. low": "4.26120",
            "4. close": "4.44730"
        },
        "2023-01-31": {
            "1. open": "4.37450",
            "2. high": "4.47810",
            "3. low": "4.31050",
            "4. close": "4.33190"
        },
        "2022-12-30": {
            "1. open": "4.48550",
            "2. high": "4.51415",
            "3. low": "4.34955",
            "4. close": "4.37720"
        },
        "2022-11-30": {
            "1. open": "4.76800",
            "2. high": "4.84316",
            "3. low": "4.45780",
            "4. close": "4.48340"
        },
        "2022-10-31": {
            "1. open": "4.94510",
            "2. high": "5.04120",
            "3. low": "4.69400",
            "4. close": "4.76590"
        },
        "2022-09-30": {
            "1. open": "4.69721",
            "2. high": "5.05943",
            "3. low": "4.60220",
            "4. close": "4.95060"
        },
        "2022-08-31": {
            "1. open": "4.62930",
            "2. high": "4.82306",
            "3. low": "4.50530",
            "4. close": "4.69710"
        },
        "2022-07-29": {
            "1. open": "4.48166",
            "2. high": "4.85070",
            "3. low": "4.47890",
            "4. close": "4.62890"
        },
        "2022-06-30": {
            "1. open": "4.26404",
            "2. high": "4.54395",
            "3. low": "4.24790",
            "4. close": "4.48105"
        },
        "2022-05-31": {
            "1. open": "4.42810",
            "2. high": "4.52565",
            "3. low": "4.23540",
            "4. close": "4.26455"
        },
        "2022-04-29": {
            "1. open": "4.19465",
            "2. high": "4.49110",
            "3. low": "4.18380",
            "4. close": "4.42860"
        },
        "2022-03-31": {
            "1. open": "4.18320",
            "2. high": "4.61963",
            "3. low": "4.14570",
            "4. close": "4.18920"
        },
        "2022-02-28": {
            "1. open": "4.07740",
            "2. high": "4.24034",
            "3. low": "3.91110",
            "4. close": "4.18530"
        },
        "2022-01-31": {
            "1. open": "4.03380",
            "2. high": "4.12400",
            "3. low": "3.94020",
            "4. close": "4.07750"
        },
        "2021-12-31": {
            "1. open": "4.10290",
            "2. high": "4.12380",
            "3. low": "4.02400",
            "4. close": "4.03150"
        },
        "2021-11-30": {
            "1. open": "3.98710",
            "2. high": "4.20423",
            "3. low": "3.93860",
            "4. close": "4.10220"
        },
        "2021-10-29": {
            "1. open": "3.97470",
            "2. high": "4.00600",
            "3. low": "3.91631",
            "4. close": "3.98500"
        },
        "2021-09-30": {
            "1. open": "3.82851",
            "2. high": "4.01592",
            "3. low": "3.78460",
            "4. close": "3.97460"
        },
        "2021-08-31": {
            "1. open": "3.84270",
            "2. high": "3.93629",
            "3. low": "3.80810",
            "4. close": "3.82650"
        },
        "2021-07-30": {
            "1. open": "3.80645",
            "2. high": "3.91450",
            "3. low": "3.77950",
            "4. close": "3.84410"
        },
        "2021-06-30": {
            "1. open": "3.65950",
            "2. high": "3.84500",
            "3. low": "3.63870",
            "4. close": "3.80560"
        },
        "2021-05-31": {
            "1. open": "3.78670",
            "2. high": "3.82122",
            "3. low": "3.65060",
            "4. close": "3.66030"
        },
        "2021-04-30": {
            "1. open": "3.94655",
            "2. high": "3.95590",
            "3. low": "3.75510",
            "4. close": "3.78800"
        },
        "2021-03-31": {
            "1. open": "3.74265",
            "2. high": "3.98265",
            "3. low": "3.72850",
            "4. close": "3.94666"
        },
        "2021-02-26": {
            "1. open": "3.72070",
            "2. high": "3.76630",
            "3. low": "3.67910",
            "4. close": "3.74265"
        },
        "2021-01-29": {
            "1. open": "3.72670",
            "2. high": "3.77411",
            "3. low": "3.65010",
            "4. close": "3.72190"
        },
        "2020-12-31": {
            "1. open": "3.75320",
            "2. high": "3.76010",
            "3. low": "3.61063",
            "4. close": "3.72695"
        },
        "2020-11-30": {
            "1. open": "3.95060",
            "2. high": "3.97110",
            "3. low": "3.72460",
            "4. close": "3.75280"
        },
        "2020-10-30": {
            "1. open": "3.85830",
            "2. high": "3.97150",
            "3. low": "3.76490",
            "4. close": "3.95305"
        },
        "2020-09-30": {
            "1. open": "3.68140",
            "2. high": "3.93963",
            "3. low": "3.65410",
            "4. close": "3.85822"
        },
        "2020-08-31": {
            "1. open": "3.74650",
            "2. high": "3.77920",
            "3. low": "3.65930",
            "4. close": "3.68160"
        },
        "2020-07-31": {
            "1. open": "3.95350",
            "2. high": "3.98692",
            "3. low": "3.69660",
            "4. close": "3.74400"
        },
        "2020-06-30": {
            "1. open": "3.98700",
            "2. high": "4.00111",
            "3. low": "3.88600",
            "4. close": "3.95370"
        },
        "2020-05-29": {
            "1. open": "4.15018",
            "2. high": "4.24096",
            "3. low": "3.98350",
            "4. close": "4.00345"
        },
        "2020-04-30": {
            "1. open": "4.13290",
            "2. high": "4.25175",
            "3. low": "4.10350",
            "4. close": "4.14750"
        },
        "2020-03-31": {
            "1. open": "3.91618",
            "2. high": "4.30775",
            "3. low": "3.75420",
            "4. close": "4.13440"
        },
        "2020-02-28": {
            "1. open": "3.87460",
            "2. high": "3.98245",
            "3. low": "3.84760",
            "4. close": "3.92405"
        },
        "2020-01-31": {
            "1. open": "3.80250",
            "2. high": "3.90340",
            "3. low": "3.77180",
            "4. close": "3.86950"
        },
        "2019-12-31": {
            "1. open": "3.91250",
            "2. high": "3.91710",
            "3. low": "3.78330",
            "4. close": "3.80320"
        },
        "2019-11-29": {
            "1. open": "3.82160",
            "2. high": "3.93330",
            "3. low": "3.80190",
            "4. close": "3.91610"
        },
        "2019-10-31": {
            "1. open": "4.00940",
            "2. high": "4.02450",
            "3. low": "3.80890",
            "4. close": "3.82120"
        },
        "2019-09-30": {
            "1. open": "3.98220",
            "2. high": "4.02250",
            "3. low": "3.89260",
            "4. close": "4.00980"
        },
        "2019-08-30": {
            "1. open": "3.87060",
            "2. high": "3.99740",
            "3. low": "3.83880",
            "4. close": "3.98180"
        },
        "2019-07-31": {
            "1. open": "3.73200",
            "2. high": "3.87930",
            "3. low": "3.72990",
            "4. close": "3.87080"
        },
        "2019-06-28": {
            "1. open": "3.83180",
            "2. high": "3.83670",
            "3. low": "3.72390",
            "4. close": "3.73210"
        },
        "2019-05-31": {
            "1. open": "3.82150",
            "2. high": "3.87740",
            "3. low": "3.79880",
            "4. close": "3.83250"
        },
        "2019-04-30": {
            "1. open": "3.83270",
            "2. high": "3.86440",
            "3. low": "3.77180",
            "4. close": "3.82150"
        },
        "2019-03-29": {
            "1. open": "3.78410",
            "2. high": "3.85920",
            "3. low": "3.73750",
            "4. close": "3.83630"
        },
        "2019-02-28": {
            "1. open": "3.72210",
            "2. high": "3.85940",
            "3. low": "3.71750",
            "4. close": "3.78410"
        },
        "2019-01-31": {
            "1. open": "3.73730",
            "2. high": "3.80110",
            "3. low": "3.70550",
            "4. close": "3.72210"
        },
        "2018-12-31": {
            "1. open": "3.78430",
            "2. high": "3.81380",
            "3. low": "3.72760",
            "4. close": "3.73770"
        },
        "2018-11-30": {
            "1. open": "3.83570",
            "2. high": "3.83880",
            "3. low": "3.72830",
            "4. close": "3.79360"
        },
        "2018-10-31": {
            "1. open": "3.68840",
            "2. high": "3.84060",
            "3. low": "3.67660",
            "4. close": "3.83570"
        },
        "2018-09-28": {
            "1. open": "3.70380",
            "2. high": "3.74850",
            "3. low": "3.61880",
            "4. close": "3.68770"
        },
        "2018-08-31": {
            "1. open": "3.65710",
            "2. high": "3.84060",
            "3. low": "3.63460",
            "4. close": "3.70800"
        },
        "2018-07-31": {
            "1. open": "3.74140",
            "2. high": "3.80110",
            "3. low": "3.64030",
            "4. close": "3.65530"
        },
        "2018-06-29": {
            "1. open": "3.68580",
            "2. high": "3.78340",
            "3. low": "3.59480",
            "4. close": "3.74120"
        },
        "2018-05-31": {
            "1. open": "3.50760",
            "2. high": "3.76560",
            "3. low": "3.50390",
            "4. close": "3.68650"
        },
        "2018-04-30": {
            "1. open": "3.41820",
            "2. high": "3.51140",
            "3. low": "3.34450",
            "4. close": "3.50790"
        },
        "2018-03-30": {
            "1. open": "3.42260",
            "2. high": "3.45680",
            "3. low": "3.36360",
            "4. close": "3.42110"
        },
        "2018-02-28": {
            "1. open": "3.34380",
            "2. high": "3.43670",
            "3. low": "3.30690",
            "4. close": "3.42390"
        },
        "2018-01-31": {
            "1. open": "3.48070",
            "2. high": "3.51580",
            "3. low": "3.30590",
            "4. close": "3.34380"
        },
        "2017-12-29": {
            "1. open": "3.53250",
            "2. high": "3.59720",
            "3. low": "3.46760",
            "4. close": "3.48040"
        },
        "2017-11-30": {
            "1. open": "3.63810",
            "2. high": "3.67190",
            "3. low": "3.51360",
            "4. close": "3.53420"
        },
        "2017-10-31": {
            "1. open": "3.65070",
            "2. high": "3.69510",
            "3. low": "3.56800",
            "4. close": "3.63800"
        },
        "2017-09-29": {
            "1. open": "3.56400",
            "2. high": "3.69450",
            "3. low": "3.51130",
            "4. close": "3.64970"
        },
        "2017-08-31": {
            "1. open": "3.59390",
            "2. high": "3.66700",
            "3. low": "3.52680",
            "4. close": "3.56400"
        },
        "2017-07-31": {
            "1. open": "3.70330",
            "2. high": "3.75630",
            "3. low": "3.58760",
            "4. close": "3.59090"
        },
        "2017-06-30": {
            "1. open": "3.71720",
            "2. high": "3.82210",
            "3. low": "3.69290",
            "4. close": "3.69980"
        },
        "2017-05-31": {
            "1. open": "3.87290",
            "2. high": "3.89770",
            "3. low": "3.70700",
            "4. close": "3.71720"
        },
        "2017-04-28": {
            "1. open": "3.96760",
            "2. high": "4.01110",
            "3. low": "3.85080",
            "4. close": "3.87650"
        },
        "2017-03-31": {
            "1. open": "4.07190",
            "2. high": "4.09870",
            "3. low": "3.88870",
            "4. close": "3.96130"
        },
        "2017-02-28": {
            "1. open": "4.00070",
            "2. high": "4.09930",
            "3. low": "3.97220",
            "4. close": "4.07190"
        },
        "2017-01-31": {
            "1. open": "4.19020",
            "2. high": "4.24260",
            "3. low": "3.99400",
            "4. close": "4.00060"
        },
        "2016-12-30": {
            "1. open": "4.20250",
            "2. high": "4.27980",
            "3. low": "4.10200",
            "4. close": "4.18200"
        },
        "2016-11-30": {
            "1. open": "3.92300",
            "2. high": "4.21690",
            "3. low": "3.84320",
            "4. close": "4.20250"
        },
        "2016-10-31": {
            "1. open": "3.82240",
            "2. high": "3.98570",
            "3. low": "3.81180",
            "4. close": "3.92320"
        },
        "2016-09-30": {
            "1. open": "3.90930",
            "2. high": "3.93130",
            "3. low": "3.79600",
            "4. close": "3.82330"
        },
        "2016-08-31": {
            "1. open": "3.89870",
            "2. high": "3.91810",
            "3. low": "3.76580",
            "4. close": "3.90930"
        },
        "2016-07-29": {
            "1. open": "3.94210",
            "2. high": "4.03380",
            "3. low": "3.88400",
            "4. close": "3.89670"
        },
        "2016-06-30": {
            "1. open": "3.94090",
            "2. high": "4.13110",
            "3. low": "3.77970",
            "4. close": "3.94070"
        },
        "2016-05-31": {
            "1. open": "3.81300",
            "2. high": "3.98700",
            "3. low": "3.76520",
            "4. close": "3.94090"
        },
        "2016-04-29": {
            "1. open": "3.72460",
            "2. high": "3.92950",
            "3. low": "3.70100",
            "4. close": "3.82350"
        },
        "2016-03-31": {
            "1. open": "3.99550",
            "2. high": "4.00450",
            "3. low": "3.71520",
            "4. close": "3.72490"
        },
        "2016-02-29": {
            "1. open": "4.08780",
            "2. high": "4.09480",
            "3. low": "3.88370",
            "4. close": "3.99520"
        },
        "2016-01-29": {
            "1. open": "3.92940",
            "2. high": "4.15580",
            "3. low": "3.91870",
            "4. close": "4.07840"
        },
        "2015-12-31": {
            "1. open": "4.03670",
            "2. high": "4.05810",
            "3. low": "3.85440",
            "4. close": "3.92100"
        },
        "2015-11-30": {
            "1. open": "3.84580",
            "2. high": "4.04820",
            "3. low": "3.84290",
            "4. close": "4.03420"
        },
        "2015-10-30": {
            "1. open": "3.79950",
            "2. high": "3.93450",
            "3. low": "3.67390",
            "4. close": "3.87560"
        },
        "2015-09-30": {
            "1. open": "3.76860",
            "2. high": "3.81120",
            "3. low": "3.66180",
            "4. close": "3.79950"
        },
        "2015-08-31": {
            "1. open": "3.77330",
            "2. high": "3.85580",
            "3. low": "3.62560",
            "4. close": "3.77000"
        },
        "2015-07-31": {
            "1. open": "3.76450",
            "2. high": "3.85550",
            "3. low": "3.70180",
            "4. close": "3.74450"
        },
        "2015-06-30": {
            "1. open": "3.74280",
            "2. high": "3.81590",
            "3. low": "3.64090",
            "4. close": "3.76450"
        },
        "2015-05-29": {
            "1. open": "3.60030",
            "2. high": "3.82580",
            "3. low": "3.52250",
            "4. close": "3.73680"
        },
        "2015-04-30": {
            "1. open": "3.79190",
            "2. high": "3.82060",
            "3. low": "3.58280",
            "4. close": "3.59980"
        },
        "2015-03-31": {
            "1. open": "3.70690",
            "2. high": "3.96780",
            "3. low": "3.69530",
            "4. close": "3.79180"
        },
        "2015-02-27": {
            "1. open": "3.69470",
            "2. high": "3.74030",
            "3. low": "3.61600",
            "4. close": "3.70250"
        },
        "2015-01-30": {
            "1. open": "3.53050",
            "2. high": "3.79750",
            "3. low": "3.53050",
            "4. close": "3.71280"
        },
        "2014-12-31": {
            "1. open": "3.35610",
            "2. high": "3.61040",
            "3. low": "3.33630",
            "4. close": "3.53050"
        }
    }
}